#RSID	Symbol	Chromosome (hg19/GRCh37)	Position (hg19/GRCh37)
rs10069050	LYSMD3	5	89820984
rs10109061	LY6H	8	144239859
rs10120210	ECM2	9	95284982
rs10146482	NEK9	14	75574087
rs1018448	ARFGAP3	22	43206950
rs10269582	DNAH11	7	21640361
rs1034859	HDHD5	22	17630486
rs1035705	TRPM1	15	31342744
rs1042044	GLP1R	6	39041502
rs1042523	PCK1	20	56137807
rs1043899	UBR4	1	19415304
rs1045493	ZSWIM3	20	44506418
rs1045512	PTK2B	8	27255263
rs1046314	WFS1	4	6303955
rs1048500	KCNA1	12	5021228
rs10498027	ABCA12	2	215820013
rs1050162	MYH11	16	15811062
rs1050515	AKAP1	17	55183716
rs1051221	EFR3A	8	132982824
rs1055141	CD4	12	6926363
rs1055919	PLIN3	19	4852137
rs1058018	UBE2Z	17	47000251
rs1058486	XPO7	8	21862551
rs1059312	SLC15A4	12	129278864
rs1061629	AHSA1	14	77926011
rs1064005	TCP11L1	11	33065394
rs1065483	RABEP1	17	5284770
rs10761073	OR13D1	9	107457532
rs10777716	NTN4	12	96057387
rs10798035	HMCN1	1	186050417
rs10802990	WDR64	1	241907817
rs10818708	OR1N1	9	125289521
rs10838852	OR4X1	11	48286256
rs10843438	OVCH1	12	29648275
rs10866845	EBF2	8	25708267
rs10889315	KANK4	1	62713246
rs10923477	SPAG17	1	118583408
rs10932150	ZDBF2	2	207169731
rs10951942	C7orf57	7	48081095
rs10953283	KPNA7	7	98782750
rs11036912	OR51B5	11	5364450
rs11040899	DNHD1	11	6520015
rs11073964	VPS33B	15	91543761
rs11083680	PSG11	19	43519362
rs11136344	PARP10	8	145059425
rs11142017	SPATA31E1	9	90503451
rs11187665	LGI1	10	95542677
rs11197835	ENO4	10	118620459
rs11203367	PADI4	1	17657616
rs11205	HSD17B4	5	118861713
rs11242	RFT1	3	53125922
rs11243403	PRRC2B	9	134351343
rs1126667	ALOX12	17	6902760
rs1129195	TM7SF2	11	64882789
rs1130638	LASP1	17	37054772
rs1130844	CDH5	16	66420885
rs1131140	GPR78	4	8616096
rs1132552	SFRP4	7	37953840
rs1133837	C10orf53	10	50901938
rs1135102	PRPF18	10	13653653
rs1135791	SP110	2	231042276
rs1136647	TMEM270	7	73280020
rs1138374	SHB	9	37974743
rs1138536	RBM5	3	50153356
rs1150258	IL24	1	207074905
rs1155779	FMNL2	2	153405594
rs11633399	ZNF609	15	64962630
rs11652766	CEP112	17	64025331
rs11692304	SLC9A4	2	103095404
rs11729794	MAML3	4	140810700
rs1201559	SLC22A10	11	63072310
rs1208	NAT2	8	18258316
rs12080815	OR6P1	1	158533140
rs12286721	AGBL2	11	47701528
rs12361955	OR51S1	11	4869649
rs12460	LINS1	15	101109818
rs12535348	C7orf31	7	25194753
rs12592	RAPGEF5	7	22202117
rs12593	COQ8A	1	227172290
rs12600539	MYH2	17	10450816
rs12677519	ESRP1	8	95690579
rs1289658	TRIM45	1	117656088
rs12982980	ZNF468	19	53349850
rs13037496	EFCAB8	20	31466534
rs1309581	CWC27	5	64273018
rs13130399	MARCHF1	4	164466824
rs133335	WBP2NL	22	42416056
rs1344	ACP6	1	147119273
rs1361754	PM20D1	1	205801872
rs13874	SLC25A26	3	66419956
rs140679	GABRG3	15	27772676
rs14105	POLR1D	13	28239970
rs14224	PLG	6	161137779
rs1426310	DSG1	18	28898294
rs1432793	SH3TC2	5	148408101
rs14451	UBE2T	1	202304868
rs1456235	SPTBN5	15	42149472
rs1464890	ZC3HC1	7	129664312
rs1469375	SH3BP4	2	235950187
rs1472679	FAM83B	6	54735122
rs1520101	KLHL6	3	183211906
rs1534967	KIAA1755	20	36841756
rs1539172	CCDC171	9	15784631
rs1545133	POLR1B	2	113309473
rs1558878	ARSG	17	66364804
rs1564374	ARHGEF25	12	58010163
rs1567759	KRT77	12	53091566
rs164075	PCDH12	5	141336264
rs1660038	KALRN	3	124351424
rs1667354	ZNF568	19	37482151
rs1673408	PKHD1L1	8	110455321
rs16973716	PMFBP1	16	72156842
rs17337252	RB1CC1	8	53586706
rs17417442	TMEM72	10	45430462
rs17548783	ABCA13	7	48450157
rs1757152	OBSCN	1	228412308
rs17589	CSTA	3	122056432
rs17646221	INSYN2B	5	169310213
rs17676820	AMTN	4	71396989
rs1776964	SLC23A2	20	4880308
rs17793018	NIN	14	51237701
rs1783596	P2RY2	11	72946020
rs17856705	DNAAF1	16	84203612
rs1798192	HCAR3	12	123200768
rs1799821	CPT2	1	53676448
rs1801058	GRK4	4	3039150
rs1805034	TNFRSF11A	18	60027241
rs1805113	TGFBR3	1	92177938
rs1806191	GRIN2B	12	13716638
rs1851724	OR13C5	9	107360922
rs1864183	ATG10	5	81549216
rs1885097	ACIN1	14	23549319
rs192192	SLC36A2	5	150723806
rs1965024	SALL1	16	51173559
rs198145	PRKCB	16	24202615
rs199355	GPNMB	7	23296533
rs2007468	APOL4	22	36591380
rs2011951	SLC25A39	17	42398052
rs2012153	ARPP21	3	35779750
rs2013335	KRT78	12	53242440
rs2022923	SNX31	8	101586133
rs2043112	RICTOR	5	38955796
rs2051743	GSG1L	16	27974487
rs20563	LAMC1	1	183085755
rs2070317	BPIFB6	20	31622083
rs2071006	C8G	9	139839904
rs2071680	ZFYVE28	4	2341194
rs2071921	ADCY10	1	167825485
rs2072051	AP1B1	22	29755888
rs2075511	NDE1	16	15818141
rs2076562	SLC5A10	17	18855611
rs2076622	KIAA1549L	11	33631423
rs2159132	COX10	17	14005439
rs2164808	EFR3B	2	25377176
rs2175594	TARBP1	1	234529552
rs2228622	SLC1A1	9	4564432
rs2229626	HK2	2	75113657
rs2229690	PLCB2	15	40590134
rs2229765	IGF1R	15	99478225
rs2229783	COL11A1	1	103352451
rs2229992	APC	5	112162854
rs2230372	ITPR2	12	26784850
rs2230862	DST	6	56484758
rs2232028	LGI2	4	25005193
rs2232105	URGCP	7	43917013
rs2232596	LBP	20	36989381
rs2232866	UPB1	22	24898310
rs2235855	B4GALT5	20	48259034
rs2236225	MTHFD1	14	64908845
rs2239795	PNPLA1	6	36260858
rs2240743	ZNRF4	19	5455611
rs2242074	CRYGD	2	208989037
rs2244485	KRTAP27-1	21	31709691
rs2245370	ABI3BP	3	100617680
rs2248025	ZNF79	9	130206762
rs2249810	DSC1	18	28734749
rs2249917	FAT1	4	187534375
rs2250145	C5orf46	5	147286054
rs2250736	CACNA1D	3	53700550
rs2250860	WFDC8	20	44184375
rs2256135	SYNE1	6	152464839
rs2269495	TNIP2	4	2744087
rs2271565	WDFY4	10	50184949
rs2273235	NDST1	5	149907533
rs2273483	HECTD1	14	31582526
rs2275276	MMACHC	1	45973928
rs2276293	MYO7A	11	76917220
rs2282632	ASXL3	18	31320229
rs2289524	SH2D7	15	78390414
rs2289643	KIAA0753	17	6515454
rs2290448	LTBP1	2	33447202
rs2291075	SLCO1B1	12	21331625
rs2292971	TBCD	17	80863857
rs2293275	LHCGR	2	48921375
rs2294015	ANXA13	8	124696867
rs2295680	RBM23	14	23374435
rs2296158	CR1L	1	207851611
rs2296241	CYP24A1	20	52786219
rs2296383	CACNA1S	1	201060865
rs2296616	PANK1	10	91352966
rs2297866	ANGPTL2	9	129854199
rs2298718	SLC14A1	18	43316538
rs2302212	NCAPG	4	17818885
rs2302903	CDH6	5	31317529
rs2303690	ELSPBP1	19	48525507
rs2305445	SYNM	15	99653800
rs2305479	GSDMB	17	38062217
rs2305634	NBEAL2	3	47043538
rs2305641	CPSF6	12	69646914
rs2332285	DTX3L	3	122288210
rs236843	PARD3B	2	205829991
rs238239	ENO3	17	4856580
rs2413761	MPPED1	22	43830996
rs2421013	BTBD16	10	124089036
rs2428249	FRY	13	32776603
rs2476194	PATJ	1	62594593
rs2489386	INSYN2A	10	128974621
rs2546423	OR2V2	5	180582604
rs2567608	SSTR4	20	23017082
rs25681	C5	9	123780005
rs259370	ADGB	6	147136244
rs261623	DOCK2	5	169267784
rs2633852	SUMF1	3	4403837
rs2675671	CAMK2G	10	75632760
rs2708742	ZNF761	19	53959343
rs2723501	SNX13	7	17854532
rs2727710	HSPB8	12	119662572
rs2741098	XKR5	8	6690276
rs2764	MYBPC1	12	102079418
rs2769982	SPATA2	20	48524827
rs2777962	FCRL4	1	157557701
rs2862954	ERLIN1	10	101912064
rs2901343	C10orf120	10	124457906
rs2926304	CAPN13	2	30976058
rs2968	LSS	21	47608580
rs2970357	ZNF710	15	90623052
rs2981277	RAB2A	8	61488824
rs3013105	LRRC38	1	13802325
rs3014939	ERICH6B	13	46170609
rs304448	IFIT5	10	91178000
rs306496	NLRP8	19	56477710
rs307765	DENND3	8	142152442
rs310586	IQCA1L	7	150893629
rs3118667	ADAMTS13	9	136291063
rs31726	PLEKHG2	19	39914748
rs3177137	COPE	19	19023853
rs329637	IGSF9B	11	133805585
rs348362	CRB3	19	6466482
rs35124509	EPHA3	3	89521693
rs364519	CCDC50	3	191100561
rs36656	TMC4	19	54664752
rs3733558	NDNF	4	121958091
rs3735007	ZC3HAV1	7	138732497
rs3735943	TRPA1	8	72966002
rs3736326	CTR9	11	10786142
rs3739776	TRPM3	9	73151970
rs3741628	KANSL2	12	49048738
rs3742778	ZC2HC1C	14	75538217
rs3744793	USP36	17	76817090
rs3745651	ZNF490	19	12692001
rs3746805	SLC52A3	20	744450
rs3746893	RIPK4	21	43161877
rs3748357	RPGRIP1	14	21785790
rs3749142	STON1	2	48808594
rs3749195	TGM4	3	44948479
rs3753886	TAF5L	1	229738170
rs3762648	DPPA4	3	109052732
rs3762672	DNAJC13	3	132218623
rs3795504	KIAA1614	1	180905448
rs3796026	TNS1	2	218682771
rs3796097	ASPRV1	2	70188676
rs3800962	PRPS1L1	7	18066569
rs3802303	CSMD1	8	3253768
rs3803650	SLC7A6OS	16	68344696
rs3804099	TLR2	4	154624656
rs3804583	KIF15	3	44884647
rs3808554	FZD6	8	104337096
rs3809806	HASPIN	17	3628362
rs3809973	ALPK2	18	56204932
rs3811445	TRIM58	1	248039713
rs3812471	RNF139	8	125498547
rs3817705	MYOM2	8	2054171
rs3817995	CRNKL1	20	20033380
rs3823646	GAL3ST4	7	99757612
rs383362	WWOX	16	79245820
rs3853156	UBA3	3	69126495
rs3935873	DOC2A	16	30018500
rs395357	TRPV3	17	3436080
rs401926	KRT75	12	52822258
rs4144738	GSDMC	8	130760850
rs417699	ZNF45	19	44417575
rs4239328	ARHGAP28	18	6889973
rs4266763	SNAPC4	9	139289825
rs4453265	C2CD3	11	73785326
rs4556933	ACVR1C	2	158443889
rs4560	EIF2AK1	7	6063283
rs4618168	MYRIP	3	40286017
rs4629	TNNC2	20	44452697
rs4649175	MYOM3	1	24406647
rs4680	COMT	22	19951271
rs4685171	GRIP2	3	14555216
rs470117	CPT1B	22	51009953
rs4705	PDGFRL	8	17500223
rs4715227	PKHD1	6	51491884
rs4747647	TAF3	10	8006798
rs4791641	PFAS	17	8161149
rs4797	SQSTM1	5	179260213
rs4835678	KDM3B	5	137708434
rs4842838	ADAMTSL3	15	84582124
rs4855697	C3orf85	3	108867128
rs4859905	FRAS1	4	78987157
rs4868660	CDHR2	5	176011889
rs4870723	COL14A1	8	121228679
rs4888262	RFWD3	16	74670458
rs4915221	IGFN1	1	201166383
rs4916589	PIGZ	3	196674749
rs4985761	COPS3	17	17179481
rs507879	CASP5	11	104877927
rs518611	GDPD5	11	75160575
rs522328	CFAP157	9	130475011
rs532964	DMGDH	5	78340286
rs5351	EDNRB	13	78475313
rs557352	PRUNE2	9	79324741
rs5574	NPY	7	24329133
rs559449	OR4C16	11	55340379
rs572846	CTSF	11	66331458
rs5749104	SEC14L3	22	30857448
rs5759013	PACSIN2	22	43289473
rs5764698	SMC1B	22	45749983
rs581157	CD300E	17	72613589
rs5888	SCARB1	12	125284748
rs5925	LDLR	19	11230881
rs6032259	SPINT3	20	44141331
rs6048760	GZF1	20	23345844
rs6051637	TRIB3	20	371972
rs6076347	GINS1	20	25398790
rs6079391	FLRT3	20	14306953
rs610037	AP5B1	11	65546857
rs6107027	ABHD12	20	25288632
rs612969	TECTA	11	120989335
rs6166	FSHR	2	49189921
rs625106	LAMA1	18	6999628
rs6313	HTR2A	13	47469940
rs6431634	MROH2A	2	234703136
rs6465353	LRRD1	7	91779971
rs655427	PLA2G4F	15	42434254
rs6573560	PPP1R36	14	65031534
rs6587239	GATA5	20	61040951
rs6667999	DNAH14	1	225533684
rs6668857	RHBG	1	156354367
rs6674281	TEDDM1	1	182369233
rs6679056	OR10R2	1	158450314
rs6759892	UGT1A6	2	234601669
rs6765537	C3orf20	3	14755572
rs688862	SART1	11	65733393
rs6895634	RAI14	5	34807928
rs6897513	SPEF2	5	35641582
rs693	APOB	2	21232195
rs698621	ACAN	15	89402596
rs701929	NEK2	1	211846876
rs7023954	MTAP	9	21816758
rs704326	CACNA1E	1	181759657
rs706761	CPAMD8	19	17025292
rs7076239	SVIL	10	29822159
rs7099565	TRUB1	10	116719543
rs713113	INTS8	8	95877787
rs7138453	CRACR2A	12	3749874
rs7157021	SLC7A8	14	23598952
rs7157977	HEATR5A	14	31858209
rs7161544	OR5AU1	14	21623648
rs7163689	DNAJA4	15	78565478
rs7190823	FANCA	16	89866043
rs7224496	SMYD4	17	1704296
rs7251328	ZIM3	19	57647015
rs7315991	MYO1H	12	109848567
rs7325513	RXFP2	13	32360547
rs734784	KCNS1	20	43723627
rs735943	EXO1	1	242030151
rs738479	PARVB	22	44489896
rs741326	CD207	2	71058835
rs7465584	FER1L6	8	124987478
rs7514102	PROK1	1	110998854
rs7515820	MFSD4A	1	205554095
rs7521953	URB2	1	229790048
rs7522061	FCRL3	1	157668390
rs7529215	ATP1A4	1	160136350
rs753381	PLCG1	20	39797465
rs7571117	SNED1	2	241979550
rs758641	ATP2A3	17	3846802
rs758853	TTC19	17	15903602
rs7601200	ZC3H6	2	113089267
rs7644369	EPHB1	3	134670524
rs769427	OR1A1	17	3119767
rs769432	OR3A3	17	3324255
rs7714670	ARHGEF28	5	73072354
rs7734532	DMXL1	5	118484804
rs774033	TIMELESS	12	56825311
rs7764439	PRPH2	6	42689755
rs7818826	CYP11B1	8	143959250
rs783959	STPG2	4	98893476
rs7900838	CC2D2B	10	97748040
rs7904014	PTER	10	16547058
rs7916821	MYPN	10	69933969
rs7966867	TCTN2	12	124179417
rs7970885	OR10P1	12	56031273
rs7972737	AKAP3	12	4737042
rs7984952	USPL1	13	31231806
rs8070256	DNAH9	17	11786951
rs811322	FAIM	3	138329862
rs822430	LRRC71	1	156902259
rs8418	SAMM50	22	44379838
rs8455	LXN	3	158388780
rs863931	SPTA1	1	158612236
rs863980	ANKS3	16	4751045
rs8660	L3HYPDH	14	59939727
rs891398	CHRNA2	8	27324822
rs893805	TRIM2	4	154216710
rs907092	IKZF3	17	37922259
rs907157	DOCK5	8	25159885
rs9112	AC010255.2	5	121518309
rs913257	GORAB	1	170521376
rs913588	KDM4C	9	7174673
rs914358	PALM2AKAP2	9	112900199
rs924326	PLEKHG7	12	93150102
rs9284879	TOPAZ1	3	44284584
rs935172	CIB4	2	26804247
rs936227	ULK3	15	75131959
rs9646748	MFSD6	2	191301368
rs966410	CYYR1	21	27852724
rs981684	KRT27	17	38935812
rs9851685	OPA1	3	193374964
rs9881788	PLD1	3	171338237
rs9890721	MYCBPAP	17	48603503
rs9911983	OSBPL7	17	45885756
rs9960464	SLC14A2	18	43246156
rs998532	TTF2	1	117617705
